[{"lat":"46.03480413126799","lng":"4.070203262867796","alt":"283","commune":"Roanne","codepostal":"42300","codepays":"fr","timepoint":"1757763117"},{"lat":"46.06310884006886","lng":"4.059515465054717","alt":"297","commune":"Mably","codepostal":"42300","codepays":"fr","timepoint":"1757767305"},{"lat":"46.03480413126799","lng":"4.070203262867796","alt":"281","commune":"Roanne","codepostal":"42300","codepays":"fr","timepoint":"1757948447"},{"lat":"46.44683876960885","lng":"4.107227872132114","alt":"255","commune":"","codepostal":"","codepays":"","timepoint":"1758254880"},{"lat":"46.75902031561467","lng":"4.481522045762899","alt":"321","commune":"","codepostal":"","codepays":"","timepoint":"1758258005"},{"lat":"46.75902031561467","lng":"4.481522045762899","alt":"321","commune":"","codepostal":"","codepays":"","timepoint":"1758258035"},{"lat":"46.864162255122196","lng":"4.641775600616486","alt":"211","commune":"","codepostal":"","codepays":"","timepoint":"1758258903"},{"lat":"47.323318480889405","lng":"5.02741913804988","alt":"241","commune":"","codepostal":"","codepays":"","timepoint":"1758261682"},{"lat":"47.22213987710311","lng":"5.371323515760049","alt":"181","commune":"Ath\u00e9e","codepostal":"21130","codepays":"fr","timepoint":"1758265432"},{"lat":"47.72968526270162","lng":"7.325815547668171","alt":"232","commune":"Brunstatt-Didenheim","codepostal":"68350","codepays":"fr","timepoint":"1758268802"},{"lat":"47.54800972492939","lng":"7.587871497880965","alt":"281","commune":"Basel","codepostal":"4002","codepays":"ch","timepoint":"1758276009"},{"lat":"47.52256252360792","lng":"7.638895895436967","alt":"292","commune":"Muttenz","codepostal":"4132","codepays":"ch","timepoint":"1758277847"},{"lat":"47.50830091074808","lng":"7.717460319407021","alt":"325","commune":"Frenkendorf","codepostal":"4402","codepays":"ch","timepoint":"1758278771"},{"lat":"47.4763888686836","lng":"7.755693307912504","alt":"332","commune":"Lausen","codepostal":"4415","codepays":"ch","timepoint":"1758279676"},{"lat":"47.46459591123091","lng":"7.823676909464664","alt":"392","commune":"Sissach","codepostal":"4450","codepays":"ch","timepoint":"1758280504"},{"lat":"47.466871069086345","lng":"7.896830239990751","alt":"463","commune":"Rothenfluh","codepostal":"4467","codepays":"ch","timepoint":"1758281640"},{"lat":"47.44445921182645","lng":"7.9375809982980545","alt":"607","commune":"Anwil","codepostal":"4469","codepays":"ch","timepoint":"1758282308"},{"lat":"47.421211579614756","lng":"7.944021271415447","alt":"757","commune":"Oltingen","codepostal":"4494","codepays":"ch","timepoint":"1758283258"},{"lat":"47.3950772181817","lng":"8.033540049124426","alt":"378","commune":"Aarau","codepostal":"5000","codepays":"ch","timepoint":"1758285026"},{"lat":"47.39068040413603","lng":"8.047493356300814","alt":"386","commune":"Aarau","codepostal":"5000","codepays":"ch","timepoint":"1758285915"},{"lat":"47.33846062798736","lng":"8.049389468513475","alt":"440","commune":"Muhen","codepostal":"5037","codepays":"ch","timepoint":"1758286903"},{"lat":"47.28879110426389","lng":"8.047519214458807","alt":"479","commune":"Staffelbach","codepostal":"5053","codepays":"ch","timepoint":"1758287809"},{"lat":"47.24997643851419","lng":"8.059520255781765","alt":"475","commune":"Winikon","codepostal":"5054","codepays":"ch","timepoint":"1758288617"},{"lat":"47.19736448959186","lng":"8.088488532237792","alt":"477","commune":"Geuensee","codepostal":"6232","codepays":"ch","timepoint":"1758289520"},{"lat":"47.15544013776552","lng":"8.156901374466862","alt":"510","commune":"Eich","codepostal":"6205","codepays":"ch","timepoint":"1758290569"},{"lat":"47.10762611594713","lng":"8.258054433398188","alt":"542","commune":"Rothenburg","codepostal":"6023","codepays":"ch","timepoint":"1758292211"},{"lat":"47.067265713605316","lng":"8.285752531747812","alt":"441","commune":"Luzern","codepostal":"6015","codepays":"ch","timepoint":"1758293276"},{"lat":"47.05267414460515","lng":"8.30904286196282","alt":"435","commune":"Luzern","codepostal":"6004","codepays":"ch","timepoint":"1758294065"},{"lat":"47.05133203493928","lng":"8.30382075124272","alt":"433","commune":"Luzern","codepostal":"6003","codepays":"ch","timepoint":"1758294990"},{"lat":"47.051478127371595","lng":"8.302420976436736","alt":"438","commune":"Luzern","codepostal":"6003","codepays":"ch","timepoint":"1758295855"},{"lat":"47.01447964588542","lng":"8.337751204619584","alt":"467","commune":"","codepostal":"","codepays":"","timepoint":"1758297689"},{"lat":"46.99429313266703","lng":"8.313463032204679","alt":"436","commune":"","codepostal":"","codepays":"","timepoint":"1758298573"},{"lat":"46.940864703303745","lng":"8.27095299123711","alt":"468","commune":"","codepostal":"","codepays":"","timepoint":"1758301232"},{"lat":"46.940823462587296","lng":"8.270700557306585","alt":"464","commune":"Alpnach","codepostal":"6055","codepays":"ch","timepoint":"1758346578"},{"lat":"46.94057303711955","lng":"8.270440399447041","alt":"472","commune":"","codepostal":"","codepays":"","timepoint":"1758353130"},{"lat":"46.745802150032034","lng":"7.6331523722825345","alt":"563","commune":"Thun","codepostal":"3601","codepays":"ch","timepoint":"1758385904"},{"lat":"46.40209110923708","lng":"6.590723237028896","alt":"376","commune":"\u00c9vian-les-Bains","codepostal":"74500","codepays":"fr","timepoint":"1758452697"},{"lat":"46.393622160001094","lng":"6.484613455838043","alt":"374","commune":"Thonon-les-Bains","codepostal":"74200","codepays":"fr","timepoint":"1758459614"},{"lat":"46.26946063553931","lng":"6.238984098578672","alt":"431","commune":"Ani\u00e8res","codepostal":"1247","codepays":"ch","timepoint":"1758463235"},{"lat":"46.09684201652751","lng":"5.963360704921756","alt":"544","commune":"Valleiry","codepostal":"74520","codepays":"fr","timepoint":"1758474055"},{"lat":"46.162322033239676","lng":"5.658346060668731","alt":"656","commune":"Le Poizat-Lalleyriat","codepostal":"01130","codepays":"fr","timepoint":"1758475826"},{"lat":"45.91089636184754","lng":"5.245026878770669","alt":"226","commune":"Chazey-sur-Ain","codepostal":"01150","codepays":"fr","timepoint":"1758477609"},{"lat":"45.918604789637","lng":"4.777107285498348","alt":"173","commune":"Quincieux","codepostal":"69650","codepays":"fr","timepoint":"1758479521"},{"lat":"46.03479783178269","lng":"4.070204406462475","alt":"285","commune":"Roanne","codepostal":"42300","codepays":"fr","timepoint":"1758487163"},{"lat":"46.03479754640913","lng":"4.070204602735154","alt":"281","commune":"Roanne","codepostal":"42300","codepays":"fr","timepoint":"1758708016"},{"lat":"46.28462887839068","lng":"4.0350144915320305","alt":"258","commune":"Baugy","codepostal":"71110","codepays":"fr","timepoint":"1758729652"},{"lat":"46.447199480161906","lng":"4.113272357679837","alt":"251","commune":"Paray-le-Monial","codepostal":"71600","codepays":"fr","timepoint":"1758732524"},{"lat":"46.75939588907616","lng":"4.481030512749774","alt":"323","commune":"Montchanin","codepostal":"71210","codepays":"fr","timepoint":"1758736310"},{"lat":"45.859260066942994","lng":"4.64248643460207","alt":"275","commune":"Ch\u00e2tillon","codepostal":"69380","codepays":"fr","timepoint":"1758909640"},{"lat":"45.32680795840823","lng":"4.805672872780587","alt":"148","commune":"Salaise-sur-Sanne","codepostal":"38150","codepays":"fr","timepoint":"1758913605"},{"lat":"43.92378072002729","lng":"4.9134146144109705","alt":"60","commune":"Mori\u00e8res-l\u00e8s-Avignon","codepostal":"84310","codepays":"fr","timepoint":"1758920414"},{"lat":"43.829029999268954","lng":"5.016976871227479","alt":"78","commune":"Plan-d'Orgon","codepostal":"13750","codepays":"fr","timepoint":"1758922463"},{"lat":"43.60952083161457","lng":"5.147160089046366","alt":"78","commune":"Lan\u00e7on-Provence","codepostal":"13680","codepays":"fr","timepoint":"1758924002"},{"lat":"43.4135575674285","lng":"6.429028974231859","alt":"75","commune":"Vidauban","codepostal":"83550","codepays":"fr","timepoint":"1758927612"},{"lat":"43.621467025353866","lng":"7.060868484796942","alt":"117","commune":"Biot","codepostal":"06410","codepays":"fr","timepoint":"1758931227"},{"lat":"43.64101940770041","lng":"6.97420821525806","alt":"247","commune":"Grasse","codepostal":"06370","codepays":"fr","timepoint":"1758989763"},{"lat":"44.053277296208904","lng":"4.888151410901503","alt":"40","commune":"B\u00e9darrides","codepostal":"84370","codepays":"fr","timepoint":"1759564818"},{"lat":"44.915357219138656","lng":"4.863368807395192","alt":"109","commune":"Soyons","codepostal":"07130","codepays":"fr","timepoint":"1759568651"},{"lat":"46.0347954258979","lng":"4.070209885248663","alt":"275","commune":"Roanne","codepostal":"42300","codepays":"fr","timepoint":"1759683641"},{"lat":"46.1767148611631","lng":"3.9014460865278506","alt":"306","commune":"","codepostal":"","codepays":"","timepoint":"1760883834"},{"lat":"46.16133131243039","lng":"3.9609905384962767","alt":"366","commune":"Noailly","codepostal":"42640","codepays":"fr","timepoint":"1760889639"}]